<?xml version="1.0" encoding="UTF-8"?>
<project-private xmlns="http://www.netbeans.org/ns/project-private/1">
    <editor-bookmarks xmlns="http://www.netbeans.org/ns/editor-bookmarks/2" lastBookmarkId="0"/>
    <open-files xmlns="http://www.netbeans.org/ns/projectui-open-files/2">
        <group>
            <file>file:/C:/wamp/www/IT_ECommerce/DBController.php</file>
            <file>file:/C:/wamp/www/IT_ECommerce/js/scripts.js</file>
            <file>file:/C:/wamp/www/IT_ECommerce/Model/Order.php</file>
            <file>file:/C:/wamp/www/IT_ECommerce/Model/Customer.php</file>
            <file>file:/C:/wamp/www/IT_ECommerce/Controller/controller.php</file>
            <file>file:/C:/wamp/www/IT_ECommerce/View/customer/CustomerInformationPage.php</file>
            <file>file:/C:/wamp/www/IT_ECommerce/css/styles.css</file>
        </group>
    </open-files>
</project-private>
